{"cameraMode":{"drawMode":0,"name":"Shaded","section":"Shading Mode"},"sceneLighting":false,"audioPlay":false,"sceneViewState":{"showFog":true,"showMaterialUpdate":false,"showSkybox":false,"showFlares":true,"showImageEffects":true,"showParticleSystems":true},"in2DMode":false,"pivot":{"x":0.007439810317009687,"y":-0.02728087082505226,"z":-0.14268314838409425},"rotation":{"x":0.10137583315372467,"y":-0.40061044692993166,"z":0.044649843126535419,"w":0.9095355868339539},"size":-0.29466134309768679,"orthographic":false}