{"cameraMode":{"drawMode":0,"name":"Shaded","section":"Shading Mode"},"sceneLighting":false,"audioPlay":false,"sceneViewState":{"showFog":true,"showMaterialUpdate":false,"showSkybox":false,"showFlares":true,"showImageEffects":true,"showParticleSystems":true},"in2DMode":false,"pivot":{"x":0.7400000095367432,"y":1.6160000562667847,"z":-5.618000030517578},"rotation":{"x":-0.27777913212776186,"y":-0.2787325382232666,"z":0.08459261059761048,"w":-0.9154486060142517},"size":10.0,"orthographic":false}